{"activityLevel":0,"activityList":[{"activeTime":3931382,"calorie":285.40002,"distance":5486.44,"type":1001},{"activeTime":1734318,"calorie":108.508484,"distance":1915.0079,"type":-1}],"age":30,"gender":"M","height":170.0,"stepCount":9618,"weight":78.0}