{"activityLevel":0,"activityList":[{"activeTime":2183561,"calorie":165.51999,"distance":3172.0498,"type":1001},{"activeTime":783020,"calorie":49.669994,"distance":874.8485,"type":-1}],"age":31,"gender":"M","height":170.0,"stepCount":5269,"weight":78.0}