{"activityLevel":0,"activityList":[{"activeTime":2492430,"calorie":179.67245,"distance":3434.3723,"type":1001},{"activeTime":488800,"calorie":31.151333,"distance":543.19934,"type":-1}],"age":31,"gender":"M","height":170.0,"stepCount":5175,"weight":78.0}