{"activityLevel":0,"activityList":[{"activeTime":3194000,"calorie":293.83002,"distance":4823.88,"type":1001},{"activeTime":836000,"calorie":156.84,"distance":2029.9,"type":1002},{"activeTime":1003553,"calorie":68.76433,"distance":1125.3624,"type":-1}],"age":27,"gender":"M","height":170.0,"stepCount":9097,"weight":82.45}