{"activityLevel":0,"activityList":[{"activeTime":882467,"calorie":138.27002,"distance":1686.8297,"type":1001},{"activeTime":386459,"calorie":28.376999,"distance":427.69104,"type":-1}],"age":27,"gender":"M","height":170.0,"stepCount":2343,"weight":88.05}