{"activityLevel":0,"activityList":[{"activeTime":3992485,"calorie":356.66998,"distance":5410.99,"type":1001},{"activeTime":1685137,"calorie":127.926636,"distance":1879.496,"type":-1}],"age":27,"gender":"M","height":170.0,"stepCount":9638,"weight":88.55}