{"activityLevel":0,"activityList":[{"activeTime":3257000,"calorie":495.13998,"distance":6310.09,"type":1001},{"activeTime":1667006,"calorie":123.49601,"distance":1879.8546,"type":-1}],"age":27,"gender":"M","height":170.0,"stepCount":9385,"weight":85.35}