{"activityLevel":0,"activityList":[{"activeTime":2366018,"calorie":206.23001,"distance":3115.6,"type":1001},{"activeTime":3503670,"calorie":276.10992,"distance":4139.0054,"type":-1}],"age":27,"gender":"M","height":170.0,"stepCount":9582,"weight":88.55}