{"activityLevel":0,"activityList":[{"activeTime":2545000,"calorie":184.26001,"distance":3482.78,"type":1001},{"activeTime":1622776,"calorie":108.27583,"distance":1831.7137,"type":-1}],"age":27,"gender":"M","height":170.0,"stepCount":6996,"weight":82.5}