{"activityLevel":0,"activityList":[{"activeTime":2285402,"calorie":168.26999,"distance":3227.93,"type":1001},{"activeTime":1534585,"calorie":117.98832,"distance":1964.6259,"type":-1}],"age":30,"gender":"M","height":170.0,"stepCount":6616,"weight":78.0}