{"activityLevel":0,"activityList":[{"activeTime":2512045,"calorie":163.67505,"distance":3118.5044,"type":1001},{"activeTime":1577473,"calorie":98.47932,"distance":1789.6832,"type":-1}],"age":30,"gender":"M","height":170.0,"stepCount":6516,"weight":78.0}