{"activityLevel":0,"activityList":[{"activeTime":2610230,"calorie":179.98001,"distance":3421.1401,"type":1001},{"activeTime":1796306,"calorie":113.53432,"distance":2061.5383,"type":-1}],"age":30,"gender":"M","height":170.0,"stepCount":7180,"weight":78.0}