{"activityLevel":0,"activityList":[{"activeTime":1397616,"calorie":105.369995,"distance":2019.09,"type":1001},{"activeTime":523728,"calorie":32.738335,"distance":582.82336,"type":-1}],"age":31,"gender":"M","height":170.0,"stepCount":3382,"weight":78.0}