{"activityLevel":0,"activityList":[{"activeTime":2411213,"calorie":183.01999,"distance":3514.0,"type":1001},{"activeTime":1978117,"calorie":124.063995,"distance":2222.1094,"type":-1}],"age":30,"gender":"M","height":170.0,"stepCount":7525,"weight":78.0}