{"activityLevel":0,"activityList":[{"activeTime":1512117,"calorie":110.993546,"distance":2116.1755,"type":1001},{"activeTime":475781,"calorie":30.385002,"distance":521.8415,"type":-1}],"age":31,"gender":"M","height":170.0,"stepCount":3459,"weight":78.0}