{"activityLevel":0,"activityList":[{"activeTime":2057493,"calorie":155.38927,"distance":2986.889,"type":1001},{"activeTime":1736955,"calorie":111.32164,"distance":1977.0376,"type":-1}],"age":30,"gender":"M","height":170.0,"stepCount":6522,"weight":78.0}