{"activityLevel":0,"activityList":[{"activeTime":2416288,"calorie":198.48001,"distance":3031.24,"type":1001},{"activeTime":4386571,"calorie":351.27515,"distance":5356.907,"type":-1}],"age":27,"gender":"M","height":170.0,"stepCount":10936,"weight":87.3}