{"activityLevel":0,"activityList":[{"activeTime":2569556,"calorie":179.26999,"distance":3381.79,"type":1001},{"activeTime":1690216,"calorie":106.97749,"distance":1925.9358,"type":-1}],"age":30,"gender":"M","height":170.0,"stepCount":6982,"weight":78.0}