{"activityLevel":0,"activityList":[{"activeTime":718433,"calorie":123.189995,"distance":1653.63,"type":1002},{"activeTime":2219543,"calorie":140.26399,"distance":2477.2417,"type":-1}],"age":30,"gender":"M","height":170.0,"stepCount":4982,"weight":78.0}