{"activityLevel":0,"activityList":[{"activeTime":5008138,"calorie":419.88998,"distance":6274.07,"type":1001},{"activeTime":2072170,"calorie":162.38069,"distance":2417.5454,"type":-1}],"age":27,"gender":"M","height":170.0,"stepCount":11472,"weight":88.55}